{"_runtime": 120, "epoch": 10, "val_accuracy": 0.0925, "_timestamp": 1779202554.863931, "_step": 9, "best_val_accuracy": 0.10316666666666667}