{"_runtime": 65, "epoch": 5, "val_accuracy": 0.0985, "_timestamp": 1779202067.0672653, "_step": 4, "best_val_accuracy": 0.10266666666666667}