{"_runtime": 160, "epoch": 5, "val_accuracy": 0.8491666666666666, "_timestamp": 1779202434.1658201, "_step": 4, "best_val_accuracy": 0.8491666666666666}