{"_runtime": 177, "_timestamp": 1779201800.6376467, "_step": 1, "epoch": 2, "val_accuracy": 0.10033333333333333}