{"_runtime": 464, "epoch": 10, "val_accuracy": 0.09483333333333334, "_timestamp": 1779203149.172596, "_step": 9, "best_val_accuracy": 0.10516666666666667}