{"_runtime": 130, "epoch": 10, "val_accuracy": 0.09733333333333333, "_timestamp": 1779203396.1343293, "_step": 9, "best_val_accuracy": 0.105}