{"_runtime": 100, "epoch": 10, "val_accuracy": 0.8596666666666667, "_timestamp": 1779202272.781012, "_step": 9, "best_val_accuracy": 0.8656666666666667}