{"_runtime": 44, "_timestamp": 1779202171.6537082, "_step": 9, "epoch": 10, "val_accuracy": 0.5176666666666667, "best_val_accuracy": 0.5176666666666667}