{"_runtime": 32, "val_accuracy": 0.09416666666666666, "_timestamp": 1779203585.9710808, "_step": 4, "epoch": 5, "best_val_accuracy": 0.105}