{"_runtime": 204, "epoch": 5, "val_accuracy": 0.09416666666666666, "_timestamp": 1779204148.0642614, "_step": 4, "best_val_accuracy": 0.10266666666666667}