{"_runtime": 51, "epoch": 5, "val_accuracy": 0.5021666666666667, "_timestamp": 1779203865.9803336, "_step": 4, "best_val_accuracy": 0.5021666666666667}