{"_runtime": 35, "_timestamp": 1779202102.451118, "_step": 9, "epoch": 10, "val_accuracy": 0.0925, "best_val_accuracy": 0.31466666666666665}