{"_runtime": 65, "_timestamp": 1779203461.4537206, "_step": 4, "epoch": 5, "val_accuracy": 0.7946666666666666, "best_val_accuracy": 0.7946666666666666}